cit_2022,Predicted_2022
6,22.135791815801735
613,574.1156471904906
156,119.16476178229195
43,36.16458636430135
269,283.7547964083071
121,97.13434158026584
174,176.16223130551006
164,164.3257090428058
1012,991.3216025348233
2800,2485.0150706461454
41,47.359354074750016
103,178.01792206380588
33,48.40571710799045
65,70.30027351074199
289,290.8393578549267
27,31.03074319239517
42,41.36016683414557
47,74.79188750201634
333,375.1920552777549
38,66.41239827584928
